insert into cozinha (nome) values ('Tailandesa');
insert into cozinha (nome) values ('Indiana');
insert into cozinha (id, nome) values (3, 'Argentina');
insert into cozinha (id, nome) values (4, 'Brasileira');

insert into estado (nome) values ('Pernambuco');
insert into estado (nome) values ('Paraíba');
insert into estado (nome) values ('Sergipe');

insert into cidade (nome, estado_id) values ('Olinda', 1);
insert into cidade (nome, estado_id) values ('Joao pessoa', 2);

insert into restaurante (nome, taxa_frete, cozinha_id, endereco_cep, endereco_logradouro, endereco_numero, endereco_complemento, endereco_bairro, endereco_cidade_id, data_cadastro, data_atualizacao) values ('Restaurante acacia', 4.00, 1, '53330470', 'Rua cafeeiro', '40', 'qd a10', 'Ouro Preto', 1, utc_timestamp, utc_timestamp);
insert into restaurante (nome, taxa_frete, cozinha_id, data_cadastro, data_atualizacao) values ('Restaurante sabor do lima', 6.00, 1, utc_timestamp, utc_timestamp);
insert into restaurante (nome, taxa_frete, cozinha_id, data_cadastro, data_atualizacao) values ('Liu da carne de sol', 5.00, 2, utc_timestamp, utc_timestamp);
insert into restaurante (id, nome, taxa_frete, cozinha_id, data_cadastro, data_atualizacao) values (4, 'Java Steakhouse', 12, 3, utc_timestamp, utc_timestamp);
insert into restaurante (id, nome, taxa_frete, cozinha_id, data_cadastro, data_atualizacao) values (5, 'Lanchonete do Tio Sam', 11, 4, utc_timestamp, utc_timestamp);
insert into restaurante (id, nome, taxa_frete, cozinha_id, data_cadastro, data_atualizacao) values (6, 'Bar da Maria', 6, 4, utc_timestamp, utc_timestamp);

insert into forma_pagamento (id, descricao) values (1, 'Cartão de crédito');
insert into forma_pagamento (id, descricao) values (2, 'Cartão de débito');
insert into forma_pagamento (id, descricao) values (3, 'Dinheiro');

insert into permissao (id, nome, descricao) values (1, 	'CONSULTAR_COZINHA', 'Permite consultar');
insert into permissao (id, nome, descricao) values (2, 	'Editar_COZINHA', 'Permite editar cozinha');

insert into restaurante_forma_pagamento (restaurante_id, forma_pagamento_id) values (1,1), (1,2), (1,3), (2,2), (2,3);
insert into restaurante_forma_pagamento (restaurante_id, forma_pagamento_id) values (1, 1), (1, 2), (1, 3), (2, 3), (3, 2), (3, 3), (4, 1), (4, 2), (5, 1), (5, 2), (6, 3);

insert into produto (nome, descricao, preco, ativo, restaurante_id) values ('Porco com molho agridoce', 'Deliciosa carne suína ao molho especial', 78.90, 1, 1);
insert into produto (nome, descricao, preco, ativo, restaurante_id) values ('Camarão tailandês', '16 camarões grandes ao molho picante', 110, 1, 1);

insert into produto (nome, descricao, preco, ativo, restaurante_id) values ('Salada picante com carne grelhada', 'Salada de folhas com cortes finos de carne bovina grelhada e nosso molho especial de pimenta vermelha', 87.20, 1, 2);

insert into produto (nome, descricao, preco, ativo, restaurante_id) values ('Garlic Naan', 'Pão tradicional indiano com cobertura de alho', 21, 1, 3);
insert into produto (nome, descricao, preco, ativo, restaurante_id) values ('Murg Curry', 'Cubos de frango preparados com molho curry e especiarias', 43, 1, 3);

insert into produto (nome, descricao, preco, ativo, restaurante_id) values ('Bife Ancho', 'Corte macio e suculento, com dois dedos de espessura, retirado da parte dianteira do contrafilé', 79, 1, 4);
insert into produto (nome, descricao, preco, ativo, restaurante_id) values ('T-Bone', 'Corte muito saboroso, com um osso em formato de T, sendo de um lado o contrafilé e do outro o filé mignon', 89, 1, 4);

insert into produto (nome, descricao, preco, ativo, restaurante_id) values ('Sanduíche X-Tudo', 'Sandubão com muito queijo, hamburger bovino, bacon, ovo, salada e maionese', 19, 1, 5);

insert into produto (nome, descricao, preco, ativo, restaurante_id) values ('Espetinho de Cupim', 'Acompanha farinha, mandioca e vinagrete', 8, 1, 6);